{
  "B0005": {
    "n_cycles": 168,
    "Q0_actual_Ah": 1.8564874208181568,
    "rmse_poly4_Ah": 0.015943417683386762,
    "rmse_spec_Ah": 0.2518634263491329,
    "poly4_coeffs": [
      -1.8443679426047022e-09,
      8.905764101809934e-07,
      -0.0001348582447179275,
      0.003167780194927209,
      1.8148525143639
    ],
    "eol_cycle_spec": 600.0000000000001,
    "eol_cycle_poly": 165.00762749970514,
    "validation_pass": true
  },
  "B0006": {
    "n_cycles": 168,
    "Q0_actual_Ah": 2.035337591005598,
    "rmse_poly4_Ah": 0.03007961084372107,
    "rmse_spec_Ah": 0.45081349446937946,
    "poly4_coeffs": [
      -4.399943440040068e-09,
      1.440179934720557e-06,
      -0.00013427204854195242,
      -0.0024265631418603512,
      2.0103094979842293
    ],
    "eol_cycle_spec": 600.0000000000001,
    "eol_cycle_poly": 100.10488390910503,
    "validation_pass": true
  },
  "B0007": {
    "n_cycles": 168,
    "Q0_actual_Ah": 1.89105229539079,
    "rmse_poly4_Ah": 0.014378546039869456,
    "rmse_spec_Ah": 0.20276179412975281,
    "poly4_coeffs": [
      -2.700893130072694e-09,
      1.0846000747346831e-06,
      -0.00013916636583738307,
      0.002808193941158257,
      1.8638061952028733
    ],
    "eol_cycle_spec": 600.0000000000001,
    "eol_cycle_poly": null,
    "validation_pass": true
  }
}