{
  "GPS + IMU + Baro": {
    "config": "gps_imu_baro",
    "rank": 6,
    "eigenvalues": [
      3859.4439999999995,
      3859.4439999999995,
      3849.4439999992037,
      20.000000000040004,
      10.0,
      10.0,
      0.0,
      0.0,
      0.0,
      0.0,
      0.0,
      0.0,
      0.0,
      -5.329070518200751e-15,
      -5.329070518200751e-15
    ],
    "unobservable_states": [
      "b_gz",
      "q_z",
      "b_gy",
      "b_ay",
      "v_x",
      "v_z",
      "b_gx",
      "v_y",
      "b_ax"
    ]
  },
  "IMU + Baro only": {
    "config": "imu_baro",
    "rank": 4,
    "eigenvalues": [
      3859.4439999999995,
      3859.4439999999995,
      3849.4439999992037,
      10.000000000020002,
      0.0,
      0.0,
      0.0,
      0.0,
      0.0,
      0.0,
      0.0,
      0.0,
      0.0,
      -5.329070518200751e-15,
      -5.329070518200751e-15
    ],
    "unobservable_states": [
      "b_gz",
      "q_z",
      "b_gy",
      "b_ay",
      "p_y",
      "v_x",
      "v_z",
      "b_gx",
      "p_x",
      "v_y",
      "b_ax"
    ]
  },
  "IMU + Baro + VIO": {
    "config": "imu_baro_vio",
    "rank": 6,
    "eigenvalues": [
      3859.4439999999995,
      3859.4439999999995,
      3849.4439999992037,
      10.000000000020002,
      10.0,
      10.0,
      0.0,
      0.0,
      0.0,
      0.0,
      0.0,
      0.0,
      0.0,
      -5.329070518200751e-15,
      -5.329070518200751e-15
    ],
    "unobservable_states": [
      "b_gz",
      "q_z",
      "b_gy",
      "b_ay",
      "p_y",
      "v_z",
      "b_gx",
      "p_x",
      "b_ax"
    ]
  }
}