{
  "empirical": {
    "n_trials": 100000,
    "min_ns": 20,
    "mean_ns": 22.31048,
    "p50_ns": 20.0,
    "p99_ns": 31.0,
    "p999_ns": 31.0,
    "p9999_ns": 80.00099999990198,
    "wcet_ns": 2725,
    "deadline_ns": 100000,
    "deadline_pass": true
  },
  "evt": {
    "method": "block_maxima_gumbel",
    "block_size": 100,
    "n_blocks": 1000,
    "gumbel_mu_ns": -11.777591838654622,
    "gumbel_beta_ns": 84.2087191917695,
    "p999_bound_ns": 569.873510781003,
    "p9999_bound_ns": 763.80916359431,
    "p99999_bound_ns": 957.7106946718286,
    "p1e9_bound_ns": 1733.3020841006369,
    "p1e9_pass": true
  },
  "jitter": {
    "max_jitter_ns": 9548,
    "p99_jitter_ns": 11.0,
    "jitter_pass_50us": true
  }
}